Transition,Species,Line,Frequency (MHz),delta_f_MHz_100kms,delta_f_kHz_100kms,clean_score,region,clean
H164alpha,H,H164,1477.335105,0.49278594760379196,492.78594760379195,1.0,high frequency,True
H165alpha,H,H165,1450.716777,0.48390702910878436,483.90702910878434,0.9958121060183526,high frequency,True
H166alpha,H,H166,1424.734102,0.4752401416315816,475.24014163158165,1.0,high frequency,True
H167alpha,H,H167,1399.368217,0.4667789931526563,466.7789931526563,1.0,high frequency,True
H168alpha,H,H168,1374.600927,0.45851751447329603,458.51751447329605,0.9998911959098729,high frequency,True
H169alpha,H,H169,1350.414681,0.45044985121006614,450.44985121006613,1.0,high frequency,True
H170alpha,H,H170,1326.792537,0.4425703521200657,442.5703521200657,1.0,high frequency,True
H171alpha,H,H171,1303.718144,0.4348735630967741,434.8735630967741,1.0,high frequency,True
H172alpha,H,H172,1281.175719,0.42735421949807695,427.35421949807693,0.8052331640954468,high frequency,False
H173alpha,H,H173,1259.150019,0.42000723680647095,420.0072368064709,0.5965714007024664,high frequency,False
H174alpha,H,H174,1237.626322,0.4128277042913468,412.8277042913468,1.0,high frequency,True
H175alpha,H,H175,1216.590408,0.40581087867127064,405.81087867127064,1.0,high frequency,True
H176alpha,H,H176,1196.028536,0.3989521764420104,398.9521764420104,1.0,high frequency,True
H177alpha,H,H177,1175.927428,0.3922471685395101,392.2471685395101,0.0,high frequency,False
H178alpha,H,H178,1156.27425,0.38569157400217186,385.6915740021719,1.0,high frequency,True
H179alpha,H,H179,1137.056593,0.3792812536331384,379.2812536331384,0.9931470674696786,high frequency,True
H180alpha,H,H180,1118.262461,0.3730122059975238,373.01220599752384,0.9328001607144368,high frequency,False
H181alpha,H,H181,1099.88025,0.3668805604175672,366.8805604175672,0.9903097171997113,high frequency,True
H182alpha,H,H182,1081.898736,0.3608825729698644,360.88257296986444,0.4813986778142226,high frequency,False
H183alpha,H,H183,1064.30706,0.3550146214819054,355.01462148190535,1.0,high frequency,True
H184alpha,H,H184,1047.094715,0.34927320119574184,349.2732011957418,1.0,high frequency,True
H185alpha,H,H185,1030.251531,0.34365491976452595,343.65491976452597,1.0,high frequency,True
H186alpha,H,H186,1013.767665,0.3381564939168683,338.1564939168683,1.0,high frequency,True
H187alpha,H,H187,997.6335837,0.3327747436861804,332.7747436861804,1.0,high frequency,True
H188alpha,H,H188,981.84006,0.3275065912431993,327.5065912431993,1.0,high frequency,True
H189alpha,H,H189,966.3781549,0.32234905485847815,322.34905485847815,0.7901533498098142,high frequency,False
H190alpha,H,H190,951.2392103,0.31729924650072416,317.29924650072417,1.0,high frequency,True
H191alpha,H,H191,936.4148375,0.31235436800081207,312.3543680008121,1.0,high frequency,True
H192alpha,H,H192,921.8969082,0.30751170804970684,307.51170804970684,0.3843196274323047,high frequency,False
H193alpha,H,H193,907.6775449,0.30276863899624856,302.76863899624857,0.25384013712324843,high frequency,False
H194alpha,H,H194,893.7491117,0.29812261377836263,298.1226137783626,1.0,high frequency,True
H195alpha,H,H195,880.1042058,0.2935711630877652,293.5711630877652,0.29173616601506563,high frequency,False
H196alpha,H,H196,866.7356494,0.28911189266809373,289.11189266809373,1.0,high frequency,True
H197alpha,H,H197,853.6364817,0.2847424806463944,284.7424806463944,1.0,high frequency,True
H198alpha,H,H198,840.7999512,0.2804606749646784,280.4606749646784,0.0,high frequency,False
H199alpha,H,H199,828.2195084,0.2762642909449043,276.2642909449043,0.9085481969331978,high frequency,False
H200alpha,H,H200,815.8887989,0.27215120898738554,272.15120898738553,1.0,high frequency,True
H201alpha,H,H201,803.8016564,0.26811937223584187,268.11937223584187,1.0,high frequency,True
H202alpha,H,H202,791.9520966,0.2641667845426585,264.1667845426585,0.9900628911292607,mid frequency,True
H203alpha,H,H203,780.3343107,0.2602915083007191,260.2915083007191,0.002173175622739739,mid frequency,False
H204alpha,H,H204,768.9426596,0.2564916625087346,256.49166250873463,0.9911682436128525,mid frequency,True
H205alpha,H,H205,757.7716677,0.2527654207031452,252.76542070314522,0.9915650836338245,mid frequency,True
H206alpha,H,H206,746.8160182,0.24911100939036968,249.11100939036967,0.00034942223153686184,mid frequency,False
H207alpha,H,H207,736.070547,0.24552670601206386,245.52670601206387,0.0,mid frequency,False
H208alpha,H,H208,725.5302379,0.2420108373440135,242.01083734401348,0.0,mid frequency,False
H209alpha,H,H209,715.1902178,0.2385617778950263,238.5617778950263,0.9066428790704909,mid frequency,False
H210alpha,H,H210,705.0457519,0.2351779483058243,235.17794830582432,0.0,mid frequency,False
H211alpha,H,H211,695.0922388,0.23185781371457984,231.85781371457983,1.0,mid frequency,True
H212alpha,H,H212,685.3252067,0.22859988248937202,228.59988248937202,1.0,mid frequency,True
H213alpha,H,H213,675.7403087,0.22540270466043547,225.40270466043546,1.0,mid frequency,True
H214alpha,H,H214,666.333319,0.2222648706526166,222.2648706526166,0.29041722693583144,mid frequency,False
H215alpha,H,H215,657.100129,0.21918500998447402,219.18500998447402,1.0,mid frequency,True
H216alpha,H,H216,648.0367432,0.21616178990066523,216.16178990066524,0.9939885438417806,mid frequency,True
H217alpha,H,H217,639.1392761,0.21319391433789836,213.19391433789835,0.0,mid frequency,False
H218alpha,H,H218,630.4039482,0.2102801225906757,210.2801225906757,0.0,mid frequency,False
H219alpha,H,H219,621.827083,0.2074191883106012,207.41918831060119,0.0,mid frequency,False
H220alpha,H,H220,613.4051033,0.20460991827219346,204.60991827219345,1.0,mid frequency,True
H221alpha,H,H221,605.1345288,0.20185115157233208,201.85115157233207,1.0,mid frequency,True
H222alpha,H,H222,597.0119722,0.1991417583293573,199.1417583293573,0.10371558890750379,mid frequency,False
H223alpha,H,H223,589.0341371,0.19648063898258572,196.48063898258573,0.23761275396441642,mid frequency,False
H224alpha,H,H224,581.1978145,0.19386672312483594,193.86672312483594,1.0,mid frequency,True
H225alpha,H,H225,573.4998805,0.19129896873523083,191.29896873523083,0.08678384510537131,mid frequency,False
H226alpha,H,H226,565.9372938,0.18877636134528775,188.77636134528774,0.6615742654343116,mid frequency,False
H227alpha,H,H227,558.5070926,0.1862979130048695,186.2979130048695,1.0,mid frequency,True
H228alpha,H,H228,551.2063928,0.18386266168176918,183.86266168176917,1.0,mid frequency,True
H229alpha,H,H229,544.0323853,0.18146967036108694,181.46967036108694,0.9927410435617051,mid frequency,True
H230alpha,H,H230,536.9823337,0.17911802627803267,179.11802627803266,1.0,mid frequency,True
H231alpha,H,H231,530.0535724,0.1768068402841542,176.8068402841542,0.5721413164594722,mid frequency,False
H232alpha,H,H232,523.2435042,0.17453524604678347,174.53524604678347,1.0,mid frequency,True
H233alpha,H,H233,516.5495982,0.172302399348552,172.302399348552,1.0,mid frequency,True
H234alpha,H,H234,509.9693884,0.170107477620401,170.107477620401,1.0,mid frequency,True
H235alpha,H,H235,503.5004709,0.167949679007602,167.949679007602,1.0,mid frequency,True
H236alpha,H,H236,497.1405028,0.16582822200283637,165.82822200283636,1.0,mid frequency,True
H237alpha,H,H237,490.8872,0.1637423447123543,163.7423447123543,0.11352576575063321,mid frequency,False
H238alpha,H,H238,484.7383357,0.1616913043556286,161.6913043556286,0.9984202914100772,mid frequency,True
H239alpha,H,H239,478.6917387,0.1596743766982957,159.6743766982957,1.0,mid frequency,True
H240alpha,H,H240,472.7452917,0.15769085548509695,157.69085548509696,1.0,mid frequency,True
H241alpha,H,H241,466.8969297,0.1557400519061757,155.74005190617572,1.0,low frequency,True
H242alpha,H,H242,461.1446387,0.15382129416344423,153.82129416344424,1.0,low frequency,True
H243alpha,H,H243,455.486454,0.1519339269035247,151.9339269035247,0.9981195761377227,low frequency,True
H244alpha,H,H244,449.9204591,0.15007731085082868,150.07731085082867,0.9954410050627992,low frequency,True
H245alpha,H,H245,444.4447839,0.14825082220714172,148.25082220714174,0.9985033237522035,low frequency,True
H246alpha,H,H246,439.0576039,0.14645385238477213,146.45385238477212,1.0,low frequency,True
H247alpha,H,H247,433.7571385,0.14468580743949203,144.68580743949204,0.7128194360422844,low frequency,False
H248alpha,H,H248,428.5416499,0.14294610770361674,142.94610770361675,0.9388371141161024,low frequency,False
H249alpha,H,H249,423.409442,0.14123418741908444,141.23418741908444,1.0,low frequency,True
H250alpha,H,H250,418.3588591,0.13954949430382269,139.54949430382268,0.9854890374441068,low frequency,False
H251alpha,H,H251,413.3882849,0.1378914892181844,137.8914892181844,0.9815644905861811,low frequency,False
H252alpha,H,H252,408.4961414,0.13625964579802738,136.25964579802738,1.0,low frequency,True
H253alpha,H,H253,403.6808877,0.13465345005443732,134.65345005443731,0.999405791763804,low frequency,True
H254alpha,H,H254,398.94087269143324,0.1330723512368791,133.07235123687911,1.0,low frequency,True
H255alpha,H,H255,394.2749213512437,0.13151595739985017,131.51595739985018,1.0,low frequency,True
H256alpha,H,H256,389.6814503495245,0.12998374040134275,129.98374040134274,0.9788257765205878,low frequency,False
H257alpha,H,H257,385.1590577561033,0.1284752326077874,128.4752326077874,1.0,low frequency,True
H258alpha,H,H258,380.7063740550712,0.12698997719784905,126.98997719784904,1.0,low frequency,True
H259alpha,H,H259,376.32206127379663,0.1255275278718975,125.5275278718975,0.0,low frequency,False
H260alpha,H,H260,372.0048121385818,0.12408744857036458,124.08744857036457,0.0,low frequency,False
H261alpha,H,H261,367.7533492559916,0.12266931320066485,122.66931320066485,0.0,low frequency,False
H262alpha,H,H262,363.5664243191262,0.12127270537243676,121.27270537243676,0.0,low frequency,False
H263alpha,H,H263,359.4428173377944,0.11989721814075603,119.89721814075604,1.0,low frequency,True
H264alpha,H,H264,355.3813358920107,0.11854245375712912,118.54245375712911,1.0,low frequency,True
H265alpha,H,H265,351.38081440777177,0.11720802342791818,117.20802342791818,1.0,low frequency,True
H266alpha,H,H266,347.44011345458495,0.11589354708002192,115.89354708002192,1.0,low frequency,True
H267alpha,H,H267,343.5581190638685,0.11459865313351829,114.59865313351828,1.0,low frequency,True
H268alpha,H,H268,339.7337420676546,0.11332297828107957,113.32297828107957,0.9990894598246158,low frequency,True
H269alpha,H,H269,335.96591745672714,0.11206616727387023,112.06616727387022,0.9770186465296318,low frequency,False
H270alpha,H,H270,332.253603757848,0.11082787271381189,110.8278727138119,1.0,low frequency,True
H271alpha,H,H271,328.5957824290871,0.10960775485188726,109.60775485188725,1.0,low frequency,True
H272alpha,H,H272,324.99145727295394,0.10840548139238178,108.40548139238177,1.0,low frequency,True
H273alpha,H,H273,321.43965386660784,0.10722072730282223,107.22072730282223,1.0,low frequency,True
H274alpha,H,H274,317.9394190085727,0.1060531746294207,106.0531746294207,1.0,low frequency,True
H275alpha,H,H275,314.4898201815376,0.10490251231788413,104.90251231788413,1.0,low frequency,True
H276alpha,H,H276,311.08994503055453,0.10376843603935978,103.76843603935978,1.0,low frequency,True
H277alpha,H,H277,307.7389008563025,0.10265064802140636,102.65064802140635,1.0,low frequency,True
H278alpha,H,H278,304.43581412278996,0.10154885688378124,101.54885688378124,1.0,low frequency,True
H279alpha,H,H279,301.17982997916107,0.10046277747893213,100.46277747893214,1.0,low frequency,True
