Transition,Species,Line,Frequency (MHz),delta_f_MHz_100kms,clean_score,clean
H164alpha,H,H164,1477.335105,0.49278594760379196,1.0,True
H165alpha,H,H165,1450.716777,0.48390702910878436,0.9958121060183526,True
H166alpha,H,H166,1424.734102,0.4752401416315816,1.0,True
H167alpha,H,H167,1399.368217,0.4667789931526563,1.0,True
H168alpha,H,H168,1374.600927,0.45851751447329603,0.9998911959098729,True
H169alpha,H,H169,1350.414681,0.45044985121006614,1.0,True
H170alpha,H,H170,1326.792537,0.4425703521200657,1.0,True
H171alpha,H,H171,1303.718144,0.4348735630967741,1.0,True
H172alpha,H,H172,1281.175719,0.42735421949807695,0.8233754985582171,False
H173alpha,H,H173,1259.150019,0.42000723680647095,0.6081436018588119,False
H174alpha,H,H174,1237.626322,0.4128277042913468,1.0,True
H175alpha,H,H175,1216.590408,0.40581087867127064,1.0,True
H176alpha,H,H176,1196.028536,0.3989521764420104,1.0,True
H177alpha,H,H177,1175.927428,0.3922471685395101,0.0,False
H178alpha,H,H178,1156.27425,0.38569157400217186,1.0,True
H179alpha,H,H179,1137.056593,0.3792812536331384,0.9931470674696786,True
H180alpha,H,H180,1118.262461,0.3730122059975238,0.938750982295724,False
H181alpha,H,H181,1099.88025,0.3668805604175672,0.9903097171997113,True
H182alpha,H,H182,1081.898736,0.3608825729698644,0.4814911385329925,False
H183alpha,H,H183,1064.30706,0.3550146214819054,1.0,True
H184alpha,H,H184,1047.094715,0.34927320119574184,1.0,True
H185alpha,H,H185,1030.251531,0.34365491976452595,1.0,True
H186alpha,H,H186,1013.767665,0.3381564939168683,1.0,True
H187alpha,H,H187,997.6335837,0.3327747436861804,1.0,True
H188alpha,H,H188,981.84006,0.3275065912431993,1.0,True
H189alpha,H,H189,966.3781549,0.32234905485847815,0.7901533498098142,False
H190alpha,H,H190,951.2392103,0.31729924650072416,1.0,True
H191alpha,H,H191,936.4148375,0.31235436800081207,1.0,True
H192alpha,H,H192,921.8969082,0.30751170804970684,0.38493310310685636,False
H193alpha,H,H193,907.6775449,0.30276863899624856,0.25393913581447836,False
H194alpha,H,H194,893.7491117,0.29812261377836263,1.0,True
H195alpha,H,H195,880.1042058,0.2935711630877652,0.2960664353642465,False
H196alpha,H,H196,866.7356494,0.28911189266809373,1.0,True
H197alpha,H,H197,853.6364817,0.2847424806463944,1.0,True
H198alpha,H,H198,840.7999512,0.2804606749646784,0.0,False
H199alpha,H,H199,828.2195084,0.2762642909449043,0.9206892083926107,False
H200alpha,H,H200,815.8887989,0.27215120898738554,1.0,True
H201alpha,H,H201,803.8016564,0.26811937223584187,1.0,True
H202alpha,H,H202,791.9520966,0.2641667845426585,0.9900628911292607,True
H203alpha,H,H203,780.3343107,0.2602915083007191,0.002173175622739739,False
H204alpha,H,H204,768.9426596,0.2564916625087346,0.9911682436128525,True
H205alpha,H,H205,757.7716677,0.2527654207031452,0.9915650836338245,True
H206alpha,H,H206,746.8160182,0.24911100939036968,0.00034942223153686184,False
H207alpha,H,H207,736.070547,0.24552670601206386,0.0,False
H208alpha,H,H208,725.5302379,0.2420108373440135,0.0,False
H209alpha,H,H209,715.1902178,0.2385617778950263,0.9066428790704909,False
H210alpha,H,H210,705.0457519,0.2351779483058243,0.0,False
H211alpha,H,H211,695.0922388,0.23185781371457984,1.0,True
H212alpha,H,H212,685.3252067,0.22859988248937202,1.0,True
H213alpha,H,H213,675.7403087,0.22540270466043547,1.0,True
H214alpha,H,H214,666.333319,0.2222648706526166,0.29286370059252564,False
H215alpha,H,H215,657.100129,0.21918500998447402,1.0,True
H216alpha,H,H216,648.0367432,0.21616178990066523,0.9939885438417806,True
H217alpha,H,H217,639.1392761,0.21319391433789836,0.0,False
H218alpha,H,H218,630.4039482,0.2102801225906757,0.0,False
H219alpha,H,H219,621.827083,0.2074191883106012,0.0,False
H220alpha,H,H220,613.4051033,0.20460991827219346,1.0,True
H221alpha,H,H221,605.1345288,0.20185115157233208,1.0,True
H222alpha,H,H222,597.0119722,0.1991417583293573,0.1111115170356405,False
H223alpha,H,H223,589.0341371,0.19648063898258572,0.23761275396441642,False
H224alpha,H,H224,581.1978145,0.19386672312483594,1.0,True
H225alpha,H,H225,573.4998805,0.19129896873523083,0.08678384510537131,False
H226alpha,H,H226,565.9372938,0.18877636134528775,0.6680298711108382,False
H227alpha,H,H227,558.5070926,0.1862979130048695,1.0,True
H228alpha,H,H228,551.2063928,0.18386266168176918,1.0,True
H229alpha,H,H229,544.0323853,0.18146967036108694,0.9927410435617051,True
H230alpha,H,H230,536.9823337,0.17911802627803267,1.0,True
H231alpha,H,H231,530.0535724,0.1768068402841542,0.5721413164594722,False
H232alpha,H,H232,523.2435042,0.17453524604678347,1.0,True
H233alpha,H,H233,516.5495982,0.172302399348552,1.0,True
H234alpha,H,H234,509.9693884,0.170107477620401,1.0,True
H235alpha,H,H235,503.5004709,0.167949679007602,1.0,True
H236alpha,H,H236,497.1405028,0.16582822200283637,1.0,True
H237alpha,H,H237,490.8872,0.1637423447123543,0.11365810426198544,False
H238alpha,H,H238,484.7383357,0.1616913043556286,0.9984202914100772,True
H239alpha,H,H239,478.6917387,0.1596743766982957,1.0,True
H240alpha,H,H240,472.7452917,0.15769085548509695,1.0,True
H241alpha,H,H241,466.8969297,0.1557400519061757,1.0,True
H242alpha,H,H242,461.1446387,0.15382129416344423,1.0,True
H243alpha,H,H243,455.486454,0.1519339269035247,0.9981195761377227,True
H244alpha,H,H244,449.9204591,0.15007731085082868,0.9954410050627992,True
H245alpha,H,H245,444.4447839,0.14825082220714172,0.9985033237522035,True
H246alpha,H,H246,439.0576039,0.14645385238477213,1.0,True
H247alpha,H,H247,433.7571385,0.14468580743949203,0.7219746010287446,False
H248alpha,H,H248,428.5416499,0.14294610770361674,0.9388371141161024,False
H249alpha,H,H249,423.409442,0.14123418741908444,1.0,True
H250alpha,H,H250,418.3588591,0.13954949430382269,0.9854890374441068,False
H251alpha,H,H251,413.3882849,0.1378914892181844,0.9815644905861811,False
H252alpha,H,H252,408.4961414,0.13625964579802738,1.0,True
H253alpha,H,H253,403.6808877,0.13465345005443732,0.999405791763804,True
H254alpha,H,H254,398.94087269143324,0.1330723512368791,1.0,True
H255alpha,H,H255,394.2749213512437,0.13151595739985017,1.0,True
H256alpha,H,H256,389.6814503495245,0.12998374040134275,0.9788257765205878,False
H257alpha,H,H257,385.1590577561033,0.1284752326077874,1.0,True
H258alpha,H,H258,380.7063740550712,0.12698997719784905,1.0,True
H259alpha,H,H259,376.32206127379663,0.1255275278718975,0.0,False
H260alpha,H,H260,372.0048121385818,0.12408744857036458,0.0,False
H261alpha,H,H261,367.7533492559916,0.12266931320066485,0.0,False
H262alpha,H,H262,363.5664243191262,0.12127270537243676,0.0,False
H263alpha,H,H263,359.4428173377944,0.11989721814075603,1.0,True
H264alpha,H,H264,355.3813358920107,0.11854245375712912,1.0,True
H265alpha,H,H265,351.38081440777177,0.11720802342791818,1.0,True
H266alpha,H,H266,347.44011345458495,0.11589354708002192,1.0,True
H267alpha,H,H267,343.5581190638685,0.11459865313351829,1.0,True
H268alpha,H,H268,339.7337420676546,0.11332297828107957,0.9990894598246158,True
H269alpha,H,H269,335.96591745672714,0.11206616727387023,0.9770186465296318,False
H270alpha,H,H270,332.253603757848,0.11082787271381189,1.0,True
H271alpha,H,H271,328.5957824290871,0.10960775485188726,1.0,True
H272alpha,H,H272,324.99145727295394,0.10840548139238178,1.0,True
H273alpha,H,H273,321.43965386660784,0.10722072730282223,1.0,True
H274alpha,H,H274,317.9394190085727,0.1060531746294207,1.0,True
H275alpha,H,H275,314.4898201815376,0.10490251231788413,1.0,True
H276alpha,H,H276,311.08994503055453,0.10376843603935978,1.0,True
H277alpha,H,H277,307.7389008563025,0.10265064802140636,1.0,True
H278alpha,H,H278,304.43581412278996,0.10154885688378124,1.0,True
H279alpha,H,H279,301.17982997916107,0.10046277747893213,1.0,True
